공구,입주연도,업체명
1공구,2018,가나상사
1공구,2018,다라산업
1공구,2019,마바물류
1공구,2020,사아정밀
2공구,2018,자차테크
2공구,2019,카타솔루션
2공구,2019,파하코퍼레이션
2공구,2021,ABC전자
3공구,2020,테스트주식회사
3공구,2020,샘플유통
4공구,2018,동서무역
4공구,2022,남북엔지니어링
5공구,2019,오공기업
5공구,2021,육칠중공업
6공구,2018,팔구주식회사
6공구,2019,십일물산
7공구,2020,열두테크
8공구,2021,스무상사
9공구,2022,라임로지스
